{"cameraMode":{"drawMode":0,"name":"Shaded","section":"Shading Mode"},"sceneLighting":false,"audioPlay":false,"sceneViewState":{"showFog":true,"showMaterialUpdate":false,"showSkybox":false,"showFlares":true,"showImageEffects":true,"showParticleSystems":true},"in2DMode":false,"pivot":{"x":1.1870436668395997,"y":2.104771137237549,"z":0.23632490634918214},"rotation":{"x":0.1598459780216217,"y":0.7353225350379944,"z":-0.18604421615600587,"w":0.631776750087738},"size":4.577909469604492,"orthographic":false}